category	producer	location	name	details	price	source
Vini Bianchi	Borgo Trevisan	Gradisca d’Isonzo	Malvasia		25,00	IMG_9197
Vini Bianchi	Borgo Trevisan	Gradisca d’Isonzo	Friulano		25,00	IMG_9197
Vini Rossi	Borgo Trevisan	Gradisca d’Isonzo	Cabernet Franc		25,00	IMG_9197
Vini Rossi	Borgo Trevisan	Gradisca d’Isonzo	Merlot		25,00	IMG_9197
Vini Bianchi	Castello di Spessa	Capriva del Friuli	Santa Rosa	Pinot Bianco	30,00	IMG_9197
Vini Rossi	Castello di Spessa	Capriva del Friuli	Torriani		45,00	IMG_9197
Vini Rossi	Castello di Spessa	Capriva del Friuli	Casanova	Pinot Nero	45,00	IMG_9197
Vini Bianchi	Della Casa	Cormons Loc. Novali	Preludio	Friulano e Malvasia	30,00	IMG_9197
Vini Rossi	Della Casa	Cormons Loc. Novali	Overture	Merlot	35,00	IMG_9197
Vini Bianchi	Doro Princic	Cormons Loc. Pradis	Friulano		35,00	IMG_9198
Vini Bianchi	Doro Princic	Cormons Loc. Pradis	Pinot Bianco		35,00	IMG_9198
Vini Bianchi	Doro Princic	Cormons Loc. Pradis	Sauvignon		35,00	IMG_9198
Vini Bianchi	Doro Princic	Cormons Loc. Pradis	Ribolla Gialla		35,00	IMG_9198
Vini Bianchi	Doro Princic	Cormons Loc. Pradis	Malvasia		35,00	IMG_9198
Vini Rossi	Doro Princic	Cormons Loc. Pradis	Merlot		45,00	IMG_9198
Vini Rossi	Doro Princic	Cormons Loc. Pradis	Cabernet Franc		45,00	IMG_9198
Vini Bianchi	Drius	Cormons	Friulano		30,00	IMG_9198
Vini Bianchi	Drius	Cormons	Pinot Bianco		30,00	IMG_9198
Vini Rossi	Drius	Cormons	Merlot		30,00	IMG_9198
Vini Rossi	Drius	Cormons	Cabernet Sauvignon		30,00	IMG_9198
Vini Bianchi	Edi Keber	Cormons Loc. Zegla	Collio Bianco	Friulano, Ribolla, Malvasia	40,00	IMG_9198
Vini Rossi	Edi Keber	Cormons Loc. Zegla	Merlot		60,00	IMG_9198
Vini Bianchi	Magnas	Cormons	Friulano		25,00	IMG_9199
Vini Bianchi	Magnas	Cormons	Pinot Grigio		25,00	IMG_9199
Vini Bianchi	Magnas	Cormons	Malvasia		25,00	IMG_9199
Vini Bianchi	Magnas	Cormons	Chardonnay		25,00	IMG_9199
Vini Rossi	Magnas	Cormons	Cabernet Franc		35,00	IMG_9199
Vini Rossi	Magnas	Cormons	Merlot		35,00	IMG_9199
Vini Rossi	Marco Felluga	Gradisca d’Isonzo	Cabernet Sauvignon		35,00	IMG_9199
Vini Bianchi	Muroa	Moraro	Viarsa	Tocai Friulano	25,00	IMG_9199
Vini Rossi	Muroa	Moraro	Refosco dal Peduncolo Rosso		30,00	IMG_9199
Vini Bianchi	Ronco Blanchis	Mossa	Friulano		25,00	IMG_9200
Vini Bianchi	Ronco Blanchis	Mossa	Pinot Grigio		25,00	IMG_9200
Vini Bianchi	Russiz Superiore	Capriva del Friuli	Friulano		30,00	IMG_9200
Vini Bianchi	Russiz Superiore	Capriva del Friuli	Pinot Bianco		30,00	IMG_9200
Vini Rossi	Russiz Superiore	Capriva del Friuli	Cabernet Franc		35,00	IMG_9200
Vini Rossi	Russiz Superiore	Capriva del Friuli	Merlot		35,00	IMG_9200
Vini Bianchi	Schioppetto	Capriva del Friuli	Friulano		30,00	IMG_9200
Vini Bianchi	Schioppetto	Capriva del Friuli	Malvasia		30,00	IMG_9200
Vini Bianchi	Schioppetto	Capriva del Friuli	Sauvignon		30,00	IMG_9200
Vini Rossi	Schioppetto	Capriva del Friuli	Blumeri	Merlot, Refosco	50,00	IMG_9200
Vini Rossi	Schioppetto	Capriva del Friuli	Rivarossa	Merlot, Cabernet Sauvignon	40,00	IMG_9200
Vini Bianchi	Scolaris	San Lorenzo Isontino	Friulano		25,00	IMG_9201
Vini Bianchi	Scolaris	San Lorenzo Isontino	Malvasia		25,00	IMG_9201
Vini Rossi	Scolaris	San Lorenzo Isontino	Cabernet Franc		25,00	IMG_9201
Vini Rossi	Scolaris	San Lorenzo Isontino	Refosco		25,00	IMG_9201
Vini Rossi	Scolaris	San Lorenzo Isontino	Merlot		25,00	IMG_9201
Vini Bianchi	Sturm	Cormons Loc. Zegla	Friulano		35,00	IMG_9201
Vini Bianchi	Sturm	Cormons Loc. Zegla	Malvasia		35,00	IMG_9201
Vini Bianchi	Sturm	Cormons Loc. Zegla	Chardonnay		35,00	IMG_9201
Vini Rossi	Sturm	Cormons Loc. Zegla	Merlot		45,00	IMG_9201
Vini Rossi	Sturm	Cormons Loc. Zegla	Cabernet Franc		45,00	IMG_9201
Vini Rossi	Sturm	Cormons Loc. Zegla	Cabernet Sauvignon		45,00	IMG_9201
Vini Rossi	Sturm	Cormons Loc. Zegla	Refosco dal Peduncolo Rosso		45,00	IMG_9201
Vini Bianchi	Tenuta Luisa	Cormons	Friulano		25,00	IMG_9202
Vini Bianchi	Tenuta Luisa	Cormons	Pinot Grigio		25,00	IMG_9202
Vini Rossi	Tenuta Luisa	Cormons	Cabernet Franc		25,00	IMG_9202
Vini Rossi	Tenuta Luisa	Cormons	Cabernet Sauvignon		25,00	IMG_9202
Vini Rossi	Tenuta Luisa	Cormons	Merlot		25,00	IMG_9202
Vini Bianchi	Toros	Cormons Loc. Novali	Pinot Bianco		35,00	IMG_9202
Vini Bianchi	Toros	Cormons Loc. Novali	Friulano		35,00	IMG_9202
Vini Bianchi	Toros	Cormons Loc. Novali	Ribolla Gialla		35,00	IMG_9202
Vini Rossi	Toros	Cormons Loc. Novali	Merlot		45,00	IMG_9202
Vini Bianchi	Villa Russiz	Capriva del Friuli	Friulano		30,00	IMG_9202
Vini Bianchi	Villa Russiz	Capriva del Friuli	Pinot Grigio		30,00	IMG_9202
Vini Bianchi	Villa Russiz	Capriva del Friuli	Chardonnay		30,00	IMG_9202
Vini Rossi	Villa Russiz	Capriva del Friuli	Pinot Nero		45,00	IMG_9202
Vini Rossi	Villa Russiz	Capriva del Friuli	Cabernet Sauvignon		45,00	IMG_9202
Vini Rossi	Villa Russiz	Capriva del Friuli	Merlot		45,00	IMG_9202
Vini Dolci	I Comelli	Nimis DOC	Ramandolo		25,00	IMG_9203
Vini Spumanti	Cantina di Cormons		Verduzzo	Dolce	25,00	IMG_9203
Vini Spumanti	Collavini	Corno di Rosazzo UD	Il Grigio	Brut; Chardonnay, Pinot Grigio	25,00	IMG_9203
Vini Spumanti	Pie di Mont	Gorizia	Brut Millesimato	Chardonnay, Pinot Nero, Ribolla Gialla	40,00	IMG_9203
Vini Spumanti	Paolo Cacese	Cormons Loc. Pradis	RibollaMatta		35,00	IMG_9203
